{
    "name": "root",
    "gauges": {
        "FetchBall.Policy.Entropy.mean": {
            "value": 0.779317319393158,
            "min": 0.779317319393158,
            "max": 2.6793103218078613,
            "count": 13
        },
        "FetchBall.Policy.Entropy.sum": {
            "value": 7715.2412109375,
            "min": 7715.2412109375,
            "max": 29070.517578125,
            "count": 13
        },
        "FetchBall.Environment.EpisodeLength.mean": {
            "value": 244.8139534883721,
            "min": 158.18867924528303,
            "max": 250.6578947368421,
            "count": 13
        },
        "FetchBall.Environment.EpisodeLength.sum": {
            "value": 10527.0,
            "min": 7472.0,
            "max": 12375.0,
            "count": 13
        },
        "FetchBall.Step.mean": {
            "value": 129978.0,
            "min": 9991.0,
            "max": 129978.0,
            "count": 13
        },
        "FetchBall.Step.sum": {
            "value": 129978.0,
            "min": 9991.0,
            "max": 129978.0,
            "count": 13
        },
        "FetchBall.Policy.ExtrinsicValueEstimate.mean": {
            "value": 0.3035960793495178,
            "min": -0.24790845811367035,
            "max": 0.30576157569885254,
            "count": 13
        },
        "FetchBall.Policy.ExtrinsicValueEstimate.sum": {
            "value": 55.254486083984375,
            "min": -44.12770462036133,
            "max": 55.254486083984375,
            "count": 13
        },
        "FetchBall.Policy.GailValueEstimate.mean": {
            "value": 3.978977680206299,
            "min": 2.259364128112793,
            "max": 4.806039333343506,
            "count": 13
        },
        "FetchBall.Policy.GailValueEstimate.sum": {
            "value": 724.1739501953125,
            "min": 406.685546875,
            "max": 855.4749755859375,
            "count": 13
        },
        "FetchBall.Environment.CumulativeReward.mean": {
            "value": 0.9186046511627907,
            "min": -1.0,
            "max": 0.9186046511627907,
            "count": 13
        },
        "FetchBall.Environment.CumulativeReward.sum": {
            "value": 39.5,
            "min": -51.0,
            "max": 39.5,
            "count": 13
        },
        "FetchBall.Policy.ExtrinsicReward.mean": {
            "value": 0.9186046511627907,
            "min": -1.0,
            "max": 0.9186046511627907,
            "count": 13
        },
        "FetchBall.Policy.ExtrinsicReward.sum": {
            "value": 39.5,
            "min": -51.0,
            "max": 39.5,
            "count": 13
        },
        "FetchBall.Policy.GailReward.mean": {
            "value": 17.287864479907725,
            "min": 11.609825286210752,
            "max": 17.418020842167046,
            "count": 13
        },
        "FetchBall.Policy.GailReward.sum": {
            "value": 743.3781726360321,
            "min": 497.37463407590985,
            "max": 856.3059232011437,
            "count": 13
        },
        "FetchBall.Losses.PolicyLoss.mean": {
            "value": 0.04244433666305364,
            "min": 0.041510251668417666,
            "max": 0.051092695224118266,
            "count": 13
        },
        "FetchBall.Losses.PolicyLoss.sum": {
            "value": 0.2122216833152682,
            "min": 0.16604100667367067,
            "max": 0.25546347612059134,
            "count": 13
        },
        "FetchBall.Losses.ValueLoss.mean": {
            "value": 0.135739753395319,
            "min": 0.135739753395319,
            "max": 1.1099230426674087,
            "count": 13
        },
        "FetchBall.Losses.ValueLoss.sum": {
            "value": 0.6786987669765949,
            "min": 0.6786987669765949,
            "max": 5.223615863670905,
            "count": 13
        },
        "FetchBall.Policy.LearningRate.mean": {
            "value": 0.00022469066510312003,
            "min": 0.00022469066510312003,
            "max": 0.00029685255104915,
            "count": 13
        },
        "FetchBall.Policy.LearningRate.sum": {
            "value": 0.0011234533255156,
            "min": 0.0009716634761122,
            "max": 0.0014559138146954,
            "count": 13
        },
        "FetchBall.Policy.Epsilon.mean": {
            "value": 0.17489687999999998,
            "min": 0.17489687999999998,
            "max": 0.19895085,
            "count": 13
        },
        "FetchBall.Policy.Epsilon.sum": {
            "value": 0.8744843999999999,
            "min": 0.7238878000000001,
            "max": 0.9853046000000002,
            "count": 13
        },
        "FetchBall.Policy.Beta.mean": {
            "value": 0.000376994712,
            "min": 0.000376994712,
            "max": 0.000494859165,
            "count": 13
        },
        "FetchBall.Policy.Beta.sum": {
            "value": 0.00188497356,
            "min": 0.00162705022,
            "max": 0.0024279925400000004,
            "count": 13
        },
        "FetchBall.Policy.GAILPolicyEstimate.mean": {
            "value": 0.49702664489547416,
            "min": 0.4148221679031849,
            "max": 0.5189435500651598,
            "count": 13
        },
        "FetchBall.Policy.GAILPolicyEstimate.sum": {
            "value": 2.4851332244773707,
            "min": 1.8127699767549834,
            "max": 2.489815788964431,
            "count": 13
        },
        "FetchBall.Policy.GAILExpertEstimate.mean": {
            "value": 0.5041260185341041,
            "min": 0.4418461232756575,
            "max": 0.6251353795329729,
            "count": 13
        },
        "FetchBall.Policy.GAILExpertEstimate.sum": {
            "value": 2.5206300926705203,
            "min": 1.76738449310263,
            "max": 3.1256768976648646,
            "count": 13
        },
        "FetchBall.Losses.GAILLoss.mean": {
            "value": 1.3806105107069016,
            "min": 1.0915710146228474,
            "max": 1.6391877171893914,
            "count": 13
        },
        "FetchBall.Losses.GAILLoss.sum": {
            "value": 6.903052553534508,
            "min": 4.833791752656301,
            "max": 7.179247324665387,
            "count": 13
        },
        "FetchBall.Policy.GAILGradMagLoss.mean": {
            "value": 0.003517665262916125,
            "min": 0.0031389645252299183,
            "max": 5.782728074739377,
            "count": 13
        },
        "FetchBall.Policy.GAILGradMagLoss.sum": {
            "value": 0.017588326314580627,
            "min": 0.01569482262614959,
            "max": 23.130912298957508,
            "count": 13
        },
        "FetchBall.Losses.PretrainingLoss.mean": {
            "value": 0.24571225659052529,
            "min": 0.24571225659052529,
            "max": 0.7605500169595083,
            "count": 13
        },
        "FetchBall.Losses.PretrainingLoss.sum": {
            "value": 1.2285612829526265,
            "min": 1.0255809799830118,
            "max": 3.042200067838033,
            "count": 13
        },
        "FetchBall.IsTraining.mean": {
            "value": 1.0,
            "min": 1.0,
            "max": 1.0,
            "count": 13
        },
        "FetchBall.IsTraining.sum": {
            "value": 1.0,
            "min": 1.0,
            "max": 1.0,
            "count": 13
        }
    },
    "metadata": {
        "timer_format_version": "0.1.0",
        "start_time_seconds": "1659363460",
        "python_version": "3.7.9 (default, Aug 31 2020, 17:10:11) [MSC v.1916 64 bit (AMD64)]",
        "command_line_arguments": "C:\\Users\\Dimitris\\miniconda3\\envs\\mlagents200\\Scripts\\mlagents-learn config\\FetchBall.yaml --run-id=FetchBall3",
        "mlagents_version": "0.26.0",
        "mlagents_envs_version": "0.26.0",
        "communication_protocol_version": "1.5.0",
        "pytorch_version": "1.7.1+cu110",
        "numpy_version": "1.21.6",
        "end_time_seconds": "1659363702"
    },