{
    "name": "root",
    "gauges": {
        "FetchBall.Policy.Entropy.mean": {
            "value": 0.9391713738441467,
            "min": 0.9391713738441467,
            "max": 2.55157470703125,
            "count": 5
        },
        "FetchBall.Policy.Entropy.sum": {
            "value": 9344.7548828125,
            "min": 9344.7548828125,
            "max": 27557.0078125,
            "count": 5
        },
        "FetchBall.Environment.EpisodeLength.mean": {
            "value": 241.51162790697674,
            "min": 150.96610169491527,
            "max": 241.51162790697674,
            "count": 5
        },
        "FetchBall.Environment.EpisodeLength.sum": {
            "value": 10385.0,
            "min": 8320.0,
            "max": 10999.0,
            "count": 5
        },
        "FetchBall.Step.mean": {
            "value": 49947.0,
            "min": 9990.0,
            "max": 49947.0,
            "count": 5
        },
        "FetchBall.Step.sum": {
            "value": 49947.0,
            "min": 9990.0,
            "max": 49947.0,
            "count": 5
        },
        "FetchBall.Policy.ExtrinsicValueEstimate.mean": {
            "value": 0.09167636185884476,
            "min": -0.23519016802310944,
            "max": 0.09167636185884476,
            "count": 5
        },
        "FetchBall.Policy.ExtrinsicValueEstimate.sum": {
            "value": 16.41006851196289,
            "min": -42.80461120605469,
            "max": 16.41006851196289,
            "count": 5
        },
        "FetchBall.Policy.GailValueEstimate.mean": {
            "value": 19.7392635345459,
            "min": 6.056970596313477,
            "max": 19.7392635345459,
            "count": 5
        },
        "FetchBall.Policy.GailValueEstimate.sum": {
            "value": 3533.328125,
            "min": 1120.53955078125,
            "max": 3533.328125,
            "count": 5
        },
        "FetchBall.Environment.CumulativeReward.mean": {
            "value": 0.8023255813953488,
            "min": -1.0,
            "max": 0.8023255813953488,
            "count": 5
        },
        "FetchBall.Environment.CumulativeReward.sum": {
            "value": 34.5,
            "min": -59.0,
            "max": 34.5,
            "count": 5
        },
        "FetchBall.Policy.ExtrinsicReward.mean": {
            "value": 0.8023255813953488,
            "min": -1.0,
            "max": 0.8023255813953488,
            "count": 5
        },
        "FetchBall.Policy.ExtrinsicReward.sum": {
            "value": 34.5,
            "min": -59.0,
            "max": 34.5,
            "count": 5
        },
        "FetchBall.Policy.GailReward.mean": {
            "value": 66.62968311961308,
            "min": 46.27854796385361,
            "max": 66.62968311961308,
            "count": 5
        },
        "FetchBall.Policy.GailReward.sum": {
            "value": 2865.076374143362,
            "min": 2614.3675346672535,
            "max": 3310.337837398052,
            "count": 5
        },
        "FetchBall.Losses.PolicyLoss.mean": {
            "value": 0.04458603602979565,
            "min": 0.044195179273204606,
            "max": 0.05063095682223018,
            "count": 5
        },
        "FetchBall.Losses.PolicyLoss.sum": {
            "value": 0.22293018014897825,
            "min": 0.17678071709281842,
            "max": 0.2531547841111509,
            "count": 5
        },
        "FetchBall.Losses.ValueLoss.mean": {
            "value": 10.130879582961402,
            "min": 10.130879582961402,
            "max": 17.166783197720843,
            "count": 5
        },
        "FetchBall.Losses.ValueLoss.sum": {
            "value": 50.65439791480701,
            "min": 46.6835909307003,
            "max": 85.83391598860422,
            "count": 5
        },
        "FetchBall.Policy.LearningRate.mean": {
            "value": 0.00027332796889068,
            "min": 0.00027332796889068,
            "max": 0.00029641935119354996,
            "count": 5
        },
        "FetchBall.Policy.LearningRate.sum": {
            "value": 0.0013666398444534,
            "min": 0.0011156922281026,
            "max": 0.001453896015368,
            "count": 5
        },
        "FetchBall.Policy.Epsilon.mean": {
            "value": 0.19110932,
            "min": 0.19110932,
            "max": 0.19880645000000002,
            "count": 5
        },
        "FetchBall.Policy.Epsilon.sum": {
            "value": 0.9555466,
            "min": 0.7718974000000001,
            "max": 0.9846320000000001,
            "count": 5
        },
        "FetchBall.Policy.Beta.mean": {
            "value": 0.00045643566800000003,
            "min": 0.00045643566800000003,
            "max": 0.000494151605,
            "count": 5
        },
        "FetchBall.Policy.Beta.sum": {
            "value": 0.00228217834,
            "min": 0.00186229726,
            "max": 0.0024246968,
            "count": 5
        },
        "FetchBall.Policy.GAILPolicyEstimate.mean": {
            "value": 0.4873508714139462,
            "min": 0.46698901647080976,
            "max": 0.5456061179439227,
            "count": 5
        },
        "FetchBall.Policy.GAILPolicyEstimate.sum": {
            "value": 2.4367543570697308,
            "min": 1.867956065883239,
            "max": 2.7280305897196135,
            "count": 5
        },
        "FetchBall.Policy.GAILExpertEstimate.mean": {
            "value": 0.5193722657859325,
            "min": 0.38975530359894034,
            "max": 0.5519454715152582,
            "count": 5
        },
        "FetchBall.Policy.GAILExpertEstimate.sum": {
            "value": 2.5968613289296627,
            "min": 1.5590212143957614,
            "max": 2.677507837613424,
            "count": 5
        },
        "FetchBall.Losses.GAILLoss.mean": {
            "value": 1.3422968437274299,
            "min": 1.2650821171700954,
            "max": 1.8002918906509877,
            "count": 5
        },
        "FetchBall.Losses.GAILLoss.sum": {
            "value": 6.711484218637149,
            "min": 5.060328468680382,
            "max": 8.084678297241528,
            "count": 5
        },
        "FetchBall.Policy.GAILGradMagLoss.mean": {
            "value": 0.009597415936877952,
            "min": 0.009597415936877952,
            "max": 5.278346605350573,
            "count": 5
        },
        "FetchBall.Policy.GAILGradMagLoss.sum": {
            "value": 0.047987079684389755,
            "min": 0.047987079684389755,
            "max": 21.113386421402293,
            "count": 5
        },
        "FetchBall.Losses.PretrainingLoss.mean": {
            "value": 0.2850435622135798,
            "min": 0.2850435622135798,
            "max": 0.6768049470583598,
            "count": 5
        },
        "FetchBall.Losses.PretrainingLoss.sum": {
            "value": 1.425217811067899,
            "min": 1.256066749493281,
            "max": 2.7072197882334392,
            "count": 5
        },
        "FetchBall.IsTraining.mean": {
            "value": 1.0,
            "min": 1.0,
            "max": 1.0,
            "count": 5
        },
        "FetchBall.IsTraining.sum": {
            "value": 1.0,
            "min": 1.0,
            "max": 1.0,
            "count": 5
        }
    },
    "metadata": {
        "timer_format_version": "0.1.0",
        "start_time_seconds": "1659363096",
        "python_version": "3.7.9 (default, Aug 31 2020, 17:10:11) [MSC v.1916 64 bit (AMD64)]",
        "command_line_arguments": "C:\\Users\\Dimitris\\miniconda3\\envs\\mlagents200\\Scripts\\mlagents-learn config\\FetchBall.yaml --run-id=FetchBall2",
        "mlagents_version": "0.26.0",
        "mlagents_envs_version": "0.26.0",
        "communication_protocol_version": "1.5.0",
        "pytorch_version": "1.7.1+cu110",
        "numpy_version": "1.21.6",
        "end_time_seconds": "1659363209"
    },
    "total": 113.1474362,
    "count": 1,
    "self": 0.012345499999995013,